name,type,base_url,query_params,active
"Jobicy — Cloud (Worldwide)",jobicy,https://jobicy.com/api/v2/remote-jobs,"{""tag"":""cloud"",""count"":""50"",""geo"":""anywhere""}",true
"Jobicy — Platform (Worldwide)",jobicy,https://jobicy.com/api/v2/remote-jobs,"{""tag"":""platform"",""count"":""50"",""geo"":""anywhere""}",true
"Jobicy — AWS (Worldwide)",jobicy,https://jobicy.com/api/v2/remote-jobs,"{""tag"":""aws"",""count"":""50"",""geo"":""anywhere""}",true
"Jobicy — Kubernetes (Worldwide)",jobicy,https://jobicy.com/api/v2/remote-jobs,"{""tag"":""kubernetes"",""count"":""50"",""geo"":""anywhere""}",true
"Jobicy — Infrastructure (Worldwide)",jobicy,https://jobicy.com/api/v2/remote-jobs,"{""tag"":""infrastructure"",""count"":""50"",""geo"":""anywhere""}",true
"Jobicy — Linux (Worldwide)",jobicy,https://jobicy.com/api/v2/remote-jobs,"{""tag"":""linux"",""count"":""50"",""geo"":""anywhere""}",true
"Jobicy — DevOps (Worldwide)",jobicy,https://jobicy.com/api/v2/remote-jobs,"{""tag"":""devops"",""count"":""50"",""geo"":""anywhere""}",true
"Jobicy — Terraform (Worldwide)",jobicy,https://jobicy.com/api/v2/remote-jobs,"{""tag"":""terraform"",""count"":""50"",""geo"":""anywhere""}",true
"Jobicy — Python (Worldwide)",jobicy,https://jobicy.com/api/v2/remote-jobs,"{""tag"":""python"",""count"":""50"",""geo"":""anywhere""}",true
"Jobicy — Docker (Worldwide)",jobicy,https://jobicy.com/api/v2/remote-jobs,"{""tag"":""docker"",""count"":""50"",""geo"":""anywhere""}",true
"Jobicy — SRE (Worldwide)",jobicy,https://jobicy.com/api/v2/remote-jobs,"{""tag"":""sre"",""count"":""50"",""geo"":""anywhere""}",true
"Arbeitnow — DevOps Remote",arbeitnow,https://www.arbeitnow.com/api/job-board-api,"{""search"":""devops engineer""}",true
"Arbeitnow — Cloud Engineer Remote",arbeitnow,https://www.arbeitnow.com/api/job-board-api,"{""search"":""cloud engineer""}",true
"Arbeitnow — Platform Engineer Remote",arbeitnow,https://www.arbeitnow.com/api/job-board-api,"{""search"":""platform engineer""}",true
"Arbeitnow — Site Reliability Engineer Remote",arbeitnow,https://www.arbeitnow.com/api/job-board-api,"{""search"":""site reliability engineer""}",true
"Arbeitnow — AWS Engineer Remote",arbeitnow,https://www.arbeitnow.com/api/job-board-api,"{""search"":""aws engineer""}",true
"We Work Remotely — DevOps & Sysadmin",rss,https://weworkremotely.com/categories/remote-devops-sysadmin-jobs.rss,{},true
"We Work Remotely — Programming",rss,https://weworkremotely.com/categories/remote-programming-jobs.rss,{},true
"Remotive — DevOps",api,https://remotive.com/api/remote-jobs,"{""category"":""devops"",""limit"":""20""}",true
"RemoteOK — DevOps",api,https://remoteok.com/api,"{""tag"":""devops""}",true
"RemoteOK — Cloud",api,https://remoteok.com/api,"{""tag"":""cloud""}",true
"RemoteOK — Kubernetes",api,https://remoteok.com/api,"{""tag"":""kubernetes""}",true
"LinkedIn — DevOps Remote",linkedin,https://www.linkedin.com/jobs/search,"{""keywords"":""devops engineer"",""location"":""Worldwide"",""f_WT"":""2"",""f_TPR"":""r604800""}",true
"LinkedIn — Cloud Engineer Remote",linkedin,https://www.linkedin.com/jobs/search,"{""keywords"":""cloud engineer"",""location"":""Worldwide"",""f_WT"":""2"",""f_TPR"":""r604800""}",true
"LinkedIn — AWS Instructor Remote",linkedin,https://www.linkedin.com/jobs/search,"{""keywords"":""aws instructor trainer"",""location"":""Worldwide"",""f_WT"":""2"",""f_TPR"":""r604800""}",true
"LinkedIn — DevOps Accra",linkedin,https://www.linkedin.com/jobs/search,"{""keywords"":""devops engineer"",""location"":""Accra, Ghana"",""f_TPR"":""r604800""}",true
"LinkedIn — Cloud Engineer Accra",linkedin,https://www.linkedin.com/jobs/search,"{""keywords"":""cloud engineer"",""location"":""Accra, Ghana"",""f_TPR"":""r604800""}",true
"LinkedIn — IT Infrastructure Ghana",linkedin,https://www.linkedin.com/jobs/search,"{""keywords"":""it infrastructure"",""location"":""Ghana"",""f_TPR"":""r604800""}",true
